student_id,hours_studied_per_week,gpa,stress_level,anxiety_score,sleep_quality,has_counseling_access,stress_category,sleep_category,counseling_access
1,33,5.4,9,5,8,1,High,Good,Yes
2,17,6.6,5,5,8,1,Moderate,Good,Yes
3,25,7,7,4,8,1,High,Good,Yes
4,27,7.1,5,4,8,0,Moderate,Good,No
5,25,7.8,6,5,8,1,Moderate,Good,Yes
6,21,7.9,7,8,4,0,High,Fair,No
7,34,2.9,6,10,2,0,Moderate,Poor,No
8,21,9.1,6,8,10,0,Moderate,Good,No
9,38,7.2,5,5,5,1,Moderate,Fair,Yes
10,21,5.6,6,2,9,1,Moderate,Good,Yes
11,32,4.8,6,7,3,1,Moderate,Poor,Yes
12,40,7.9,5,9,5,1,Moderate,Fair,Yes
13,11,7,7,5,6,1,High,Fair,Yes
14,20,8.1,7,5,6,1,High,Fair,Yes
15,21,6.4,7,8,4,1,High,Fair,Yes
16,27,6.1,4,6,5,1,Moderate,Fair,Yes
17,20,9.9,7,10,7,0,High,Good,No
18,1,3.4,7,5,6,1,High,Fair,Yes
19,2,7.1,6,1,5,1,Moderate,Fair,Yes
20,33,7.1,8,8,5,1,High,Fair,Yes
21,20,7.2,9,6,10,0,High,Good,No
22,8,7.3,7,5,4,1,High,Fair,Yes
23,21,6.1,8,2,7,1,High,Good,Yes
24,32,8.2,9,7,8,1,High,Good,Yes
25,37,2.8,10,7,4,1,High,Fair,Yes
26,19,5.3,5,6,5,1,Moderate,Fair,Yes
27,20,6.3,6,9,7,1,Moderate,Good,Yes
28,8,6.7,6,3,8,1,Moderate,Good,Yes
29,26,7.1,9,6,8,1,High,Good,Yes
30,17,7.5,8,5,6,1,High,Fair,Yes
31,26,4.2,8,6,7,0,High,Good,No
32,28,6.5,7,6,6,1,High,Fair,Yes
33,30,7.3,6,5,6,1,Moderate,Fair,Yes
34,17,8.5,3,1,5,0,Low,Fair,No
35,26,6.3,3,5,2,1,Low,Poor,Yes
36,8,8.9,10,9,5,1,High,Fair,Yes
37,16,6.1,6,1,6,1,Moderate,Fair,Yes
38,15,6.4,8,4,7,1,High,Good,Yes
39,3,6.7,8,6,6,0,High,Fair,No
40,22,5.7,9,2,7,0,High,Good,No
41,24,7.6,8,3,5,0,High,Fair,No
42,19,4.5,6,3,2,1,Moderate,Poor,Yes
43,28,6.5,8,3,5,0,High,Fair,No
44,16,5.7,7,6,6,0,High,Fair,No
45,11,5.7,5,10,1,0,Moderate,Poor,No
46,25,8.2,8,7,8,1,High,Good,Yes
47,16,8.1,7,3,4,1,High,Fair,Yes
48,34,8.9,6,4,7,1,Moderate,Good,Yes
49,19,6.1,5,2,6,0,Moderate,Fair,No
50,27,6.5,9,3,4,1,High,Fair,Yes
51,25,4.2,6,3,6,0,Moderate,Fair,No
52,16,5.9,6,9,8,0,Moderate,Good,No
53,35,9.1,6,7,6,1,Moderate,Fair,Yes
54,27,5.9,6,1,5,1,Moderate,Fair,Yes
55,23,4.8,8,7,6,1,High,Fair,Yes
56,24,6.6,8,8,5,1,High,Fair,Yes
57,27,8.4,7,5,3,1,High,Poor,Yes
58,23,4.1,3,9,6,1,Low,Fair,Yes
59,1,6.1,2,6,4,1,Low,Fair,Yes
60,24,7.2,6,7,3,1,Moderate,Poor,Yes
61,19,9.5,6,4,2,1,Moderate,Poor,Yes
62,23,5.6,6,9,5,0,Moderate,Fair,No
63,27,8.8,4,5,7,1,Moderate,Good,Yes
64,33,5.9,5,5,3,1,Moderate,Poor,Yes
65,16,5,3,6,4,0,Low,Fair,No
66,32,4.8,10,5,7,1,High,Good,Yes
67,25,6.2,7,5,3,1,High,Poor,Yes
68,30,6.5,6,7,9,1,Moderate,Good,Yes
69,29,6,3,5,4,0,Low,Fair,No
70,28,8.1,6,4,5,0,Moderate,Fair,No
71,14,6.8,8,4,8,1,High,Good,Yes
72,21,6.3,8,2,7,0,High,Good,No
73,27,5.6,7,9,8,0,High,Good,No
74,14,4.6,9,4,4,1,High,Fair,Yes
75,18,3.6,3,4,8,1,Low,Good,Yes
76,27,6.8,4,5,6,1,Moderate,Fair,Yes
77,28,6.5,6,4,7,1,Moderate,Good,Yes
78,26,8.5,7,1,6,1,High,Fair,Yes
79,15,6.9,5,6,5,1,Moderate,Fair,Yes
80,13,7.7,9,7,10,1,High,Good,Yes
81,34,6.6,2,5,3,0,Low,Poor,No
82,24,5.3,4,4,9,0,Moderate,Good,No
83,23,6.9,10,3,5,1,High,Fair,Yes
84,21,7,8,10,4,0,High,Fair,No
85,12,5.3,3,4,7,0,Low,Good,No
86,27,6.5,8,5,5,0,High,Fair,No
87,20,9.5,7,5,8,0,High,Good,No
88,21,4.8,4,5,4,1,Moderate,Fair,Yes
89,29,8.7,7,10,4,0,High,Fair,No
90,29,6.2,8,5,8,0,High,Good,No
91,33,8.7,4,2,7,1,Moderate,Good,Yes
92,18,5.2,7,6,5,0,High,Fair,No
93,27,6.4,4,8,7,1,Moderate,Good,Yes
94,33,7,7,3,6,0,High,Fair,No
95,13,6.3,4,9,6,1,Moderate,Fair,Yes
96,15,7.5,6,6,5,1,Moderate,Fair,Yes
97,13,6.2,4,5,6,1,Moderate,Fair,Yes
98,10,8.3,8,7,6,1,High,Fair,Yes
99,23,6.8,6,2,8,1,Moderate,Good,Yes
100,27,7.5,7,9,2,0,High,Poor,No
101,32,4.7,8,4,7,0,High,Good,No
102,30,5.5,6,3,5,0,Moderate,Fair,No
103,14,8.1,6,4,5,1,Moderate,Fair,Yes
104,37,7.3,7,5,6,0,High,Fair,No
105,17,6.3,8,3,9,1,High,Good,Yes
106,23,6.3,6,1,3,1,Moderate,Poor,Yes
107,19,7.6,7,6,4,1,High,Fair,Yes
108,21,6.2,8,7,5,0,High,Fair,No
109,24,6.6,8,5,6,0,High,Fair,No
110,23,4,9,6,6,1,High,Fair,Yes
111,22,9.2,3,7,10,0,Low,Good,No
112,23,7.6,7,3,6,1,High,Fair,Yes
113,18,7.7,7,9,6,0,High,Fair,No
114,18,3.6,5,3,6,0,Moderate,Fair,No
115,9,6.5,5,5,4,0,Moderate,Fair,No
116,19,5.9,7,10,7,0,High,Good,No
117,18,4.4,6,6,4,0,Moderate,Fair,No
118,40,7.6,6,5,4,1,Moderate,Fair,Yes
119,11,8.4,7,2,7,1,High,Good,Yes
120,23,5.7,9,2,7,1,High,Good,Yes
121,10,6.2,10,4,3,0,High,Poor,No
122,10,9.1,8,4,8,1,High,Good,Yes
123,23,4,10,9,2,0,High,Poor,No
124,14,7.6,9,4,8,1,High,Good,Yes
125,22,6,7,2,6,1,High,Fair,Yes
126,19,6.3,7,7,8,1,High,Good,Yes
127,17,5.6,10,6,7,0,High,Good,No
128,6,8.1,4,5,9,1,Moderate,Good,Yes
129,12,4.8,7,9,6,1,High,Fair,Yes
130,23,7.9,7,8,8,1,High,Good,Yes
131,27,8.6,2,8,4,1,Low,Fair,Yes
132,18,4,6,5,6,1,Moderate,Fair,Yes
133,22,4.8,7,5,9,0,High,Good,No
134,31,7.4,1,5,7,1,Low,Good,Yes
135,34,5.1,7,3,3,0,High,Poor,No
136,13,5.5,6,2,5,0,Moderate,Fair,No
137,21,5.8,7,6,6,0,High,Fair,No
138,32,6,8,5,4,0,High,Fair,No
139,18,7.6,9,5,4,1,High,Fair,Yes
140,22,5.6,3,8,9,1,Low,Good,Yes
141,21,6.6,6,3,4,1,Moderate,Fair,Yes
142,15,7.6,5,10,6,1,Moderate,Fair,Yes
143,18,4.2,6,4,7,1,Moderate,Good,Yes
144,22,5.5,6,7,6,1,Moderate,Fair,Yes
145,19,7.8,4,2,5,1,Moderate,Fair,Yes
146,31,5.9,3,6,7,1,Low,Good,Yes
147,18,2.7,10,3,5,0,High,Fair,No
148,19,5.2,4,3,9,0,Moderate,Good,No
149,28,7.7,7,2,5,1,High,Fair,Yes
150,14,5.9,4,5,3,0,Moderate,Poor,No
151,22,5.9,9,7,1,1,High,Poor,Yes
152,10,6.3,3,5,6,0,Low,Fair,No
153,31,7.6,5,5,4,1,Moderate,Fair,Yes
154,20,5.8,4,4,6,0,Moderate,Fair,No
155,18,7.2,7,7,3,0,High,Poor,No
156,12,7.4,5,8,8,1,Moderate,Good,Yes
157,22,5,10,1,5,0,High,Fair,No
158,16,6.4,6,4,8,1,Moderate,Good,Yes
159,18,5.7,9,7,7,1,High,Good,Yes
160,32,7.1,8,9,8,1,High,Good,Yes
161,21,4.2,8,7,7,1,High,Good,Yes
162,13,8.8,7,5,6,1,High,Fair,Yes
163,23,8.5,7,7,9,0,High,Good,No
164,19,5.2,5,6,5,1,Moderate,Fair,Yes
165,27,5.5,6,7,3,1,Moderate,Poor,Yes
166,33,5.1,7,6,10,0,High,Good,No
167,14,6.3,1,9,5,1,Low,Fair,Yes
168,26,5.7,3,6,8,1,Low,Good,Yes
169,23,6.7,6,4,5,1,Moderate,Fair,Yes
170,29,3.7,3,8,6,1,Low,Fair,Yes
171,20,6.7,7,3,7,1,High,Good,Yes
172,29,6.5,7,4,2,1,High,Poor,Yes
173,8,4.1,8,1,6,0,High,Fair,No
174,36,6.9,9,6,4,0,High,Fair,No
175,29,6.6,8,7,10,1,High,Good,Yes
176,21,6.2,7,1,7,0,High,Good,No
177,10,6.5,7,10,8,1,High,Good,Yes
178,27,7.1,6,3,5,1,Moderate,Fair,Yes
179,26,7,5,2,6,0,Moderate,Fair,No
180,22,5.9,10,4,6,1,High,Fair,Yes
181,23,8.2,5,6,7,1,Moderate,Good,Yes
182,17,6.4,10,4,4,0,High,Fair,No
183,25,6.3,8,6,5,0,High,Fair,No
184,24,7.9,10,3,3,1,High,Poor,Yes
185,20,8,8,7,9,1,High,Good,Yes
186,11,5.4,6,6,5,0,Moderate,Fair,No
187,28,5,6,10,7,1,Moderate,Good,Yes
188,26,5.4,4,6,6,0,Moderate,Fair,No
189,15,4.7,8,5,7,1,High,Good,Yes
190,9,3.8,6,6,7,1,Moderate,Good,Yes
191,24,7,6,7,8,0,Moderate,Good,No
192,19,6.3,7,3,8,1,High,Good,Yes
193,24,7.5,5,3,7,0,Moderate,Good,No
194,12,6.5,6,7,5,0,Moderate,Fair,No
195,14,7.1,8,5,5,0,High,Fair,No
196,31,5.8,9,1,7,0,High,Good,No
197,25,5.1,7,3,4,1,High,Fair,Yes
198,27,7.7,7,5,8,0,High,Good,No
199,37,7.6,7,8,7,1,High,Good,Yes
200,23,3.9,7,6,7,1,High,Good,Yes
201,6,7.8,6,5,6,1,Moderate,Fair,Yes
202,25,3.8,8,4,8,1,High,Good,Yes
203,31,6.4,8,3,6,1,High,Fair,Yes
204,38,5.9,7,4,6,1,High,Fair,Yes
205,11,6.3,8,6,5,0,High,Fair,No
206,13,8.1,5,4,6,1,Moderate,Fair,Yes
207,16,4.6,7,6,8,0,High,Good,No
208,14,6.1,8,4,6,1,High,Fair,Yes
209,17,10,6,6,5,0,Moderate,Fair,No
210,21,4.3,6,8,5,1,Moderate,Fair,Yes
211,12,5.6,5,7,1,1,Moderate,Poor,Yes
212,38,6.4,8,5,6,1,High,Fair,Yes
213,23,6.8,7,3,8,1,High,Good,Yes
214,21,5.7,10,7,4,1,High,Fair,Yes
215,26,6.1,6,6,6,1,Moderate,Fair,Yes
216,22,8.1,7,3,5,0,High,Fair,No
217,21,6.2,4,8,4,1,Moderate,Fair,Yes
218,34,6.9,8,7,6,1,High,Fair,Yes
219,20,7.1,6,3,4,0,Moderate,Fair,No
220,12,7.1,7,10,6,1,High,Fair,Yes
221,25,7.2,8,1,8,1,High,Good,Yes
222,19,6.6,9,7,2,0,High,Poor,No
223,18,5.4,6,4,4,0,Moderate,Fair,No
224,13,6.4,6,6,5,0,Moderate,Fair,No
225,25,5.1,7,3,8,1,High,Good,Yes
226,21,6.6,9,5,8,0,High,Good,No
227,26,6,7,4,6,0,High,Fair,No
228,20,6.3,7,6,3,0,High,Poor,No
229,17,4.9,8,6,6,0,High,Fair,No
230,32,6.1,8,7,6,0,High,Fair,No
231,20,4.9,9,6,7,0,High,Good,No
232,30,5.9,2,5,6,1,Low,Fair,Yes
233,12,7.3,4,5,3,0,Moderate,Poor,No
234,18,6.9,4,10,5,1,Moderate,Fair,Yes
235,20,7.8,7,7,9,1,High,Good,Yes
236,19,7.2,4,5,2,0,Moderate,Poor,No
237,33,6.7,6,9,6,1,Moderate,Fair,Yes
238,22,8,7,6,9,1,High,Good,Yes
239,24,8.3,10,5,5,0,High,Fair,No
240,14,4.4,6,3,7,1,Moderate,Good,Yes
241,16,7.8,6,6,5,1,Moderate,Fair,Yes
242,30,7.7,7,6,7,1,High,Good,Yes
243,32,7.9,5,4,3,1,Moderate,Poor,Yes
244,32,5.1,1,3,5,1,Low,Fair,Yes
245,11,10,9,2,8,0,High,Good,No
246,38,2.6,6,3,10,1,Moderate,Good,Yes
247,30,6.5,5,8,5,1,Moderate,Fair,Yes
248,22,6.7,7,6,7,0,High,Good,No
249,28,6.3,5,3,8,0,Moderate,Good,No
250,14,7.6,8,1,5,0,High,Fair,No
251,13,6.7,5,1,6,0,Moderate,Fair,No
252,22,5.3,8,3,7,0,High,Good,No
253,12,8.6,6,6,1,1,Moderate,Poor,Yes
254,24,6.1,4,2,7,1,Moderate,Good,Yes
255,32,7.4,8,6,4,1,High,Fair,Yes
256,14,5.5,10,10,6,1,High,Fair,Yes
257,16,4.9,4,1,5,0,Moderate,Fair,No
258,22,5.6,6,5,6,1,Moderate,Fair,Yes
259,14,4.9,4,3,8,0,Moderate,Good,No
260,19,7.3,10,8,6,1,High,Fair,Yes
261,29,4.2,7,5,5,1,High,Fair,Yes
262,30,5,2,6,6,1,Low,Fair,Yes
263,25,6.5,2,6,8,1,Low,Good,Yes
264,7,3.9,8,6,7,0,High,Good,No
265,22,5.7,7,6,3,1,High,Poor,Yes
266,31,6,2,3,1,1,Low,Poor,Yes
267,29,8.5,4,8,7,1,Moderate,Good,Yes
268,20,6.1,7,9,5,1,High,Fair,Yes
269,1,5.7,6,5,7,1,Moderate,Good,Yes
270,22,5.5,3,5,6,1,Low,Fair,Yes
271,27,7.2,8,1,5,0,High,Fair,No
272,22,6,6,6,7,0,Moderate,Good,No
273,23,5.7,9,1,7,1,High,Good,Yes
274,25,6.1,7,5,8,0,High,Good,No
275,19,8.1,9,1,6,1,High,Fair,Yes
276,32,8.9,2,3,4,1,Low,Fair,Yes
277,26,5.5,8,5,5,0,High,Fair,No
278,12,6.5,9,7,3,1,High,Poor,Yes
279,33,6,7,9,6,1,High,Fair,Yes
280,32,9.3,4,4,3,1,Moderate,Poor,Yes
281,29,7.4,6,5,10,1,Moderate,Good,Yes
282,9,3.8,3,5,2,0,Low,Poor,No
283,17,5.8,5,4,6,1,Moderate,Fair,Yes
284,27,3.1,5,4,10,0,Moderate,Good,No
285,22,6.4,7,7,4,0,High,Fair,No
286,25,7.6,10,10,4,1,High,Fair,Yes
287,40,5.2,7,9,2,1,High,Poor,Yes
288,15,4.6,6,5,3,0,Moderate,Poor,No
289,5,8.4,8,7,4,1,High,Fair,Yes
290,24,5.1,8,4,3,0,High,Poor,No
291,16,7.9,7,1,7,1,High,Good,Yes
292,26,6.8,5,6,9,0,Moderate,Good,No
293,16,7.8,8,6,4,1,High,Fair,Yes
294,40,8,8,9,4,1,High,Fair,Yes
295,21,8.2,7,5,8,1,High,Good,Yes
296,18,8.4,10,1,3,1,High,Poor,Yes
297,21,6.9,10,6,6,1,High,Fair,Yes
298,29,6.8,4,1,7,0,Moderate,Good,No
299,23,5.1,7,2,10,1,High,Good,Yes
300,9,4.7,4,4,7,1,Moderate,Good,Yes
301,22,5.6,5,4,4,1,Moderate,Fair,Yes
302,28,6.3,6,2,8,1,Moderate,Good,Yes
303,22,5,6,8,3,0,Moderate,Poor,No
304,28,7.7,10,6,7,1,High,Good,Yes
305,21,5.3,5,3,6,1,Moderate,Fair,Yes
306,22,7,7,3,1,1,High,Poor,Yes
307,26,7.8,8,2,6,1,High,Fair,Yes
308,30,4.7,7,6,7,1,High,Good,Yes
309,12,8,8,7,6,1,High,Fair,Yes
310,22,3.3,5,4,9,1,Moderate,Good,Yes
311,21,6.8,5,8,5,1,Moderate,Fair,Yes
312,16,8.8,5,4,3,1,Moderate,Poor,Yes
313,14,7.3,2,6,5,0,Low,Fair,No
314,17,7.9,8,8,6,1,High,Fair,Yes
315,27,5.7,6,3,1,1,Moderate,Poor,Yes
316,19,6.9,6,5,5,1,Moderate,Fair,Yes
317,16,8.2,8,7,7,1,High,Good,Yes
318,23,4.5,6,4,6,1,Moderate,Fair,Yes
319,12,8,6,6,7,1,Moderate,Good,Yes
320,30,4.4,5,6,9,1,Moderate,Good,Yes
321,18,5.8,10,8,2,1,High,Poor,Yes
322,24,10,7,7,9,1,High,Good,Yes
323,22,7.3,7,4,7,0,High,Good,No
324,22,6.4,8,7,9,1,High,Good,Yes
325,36,8,7,9,7,1,High,Good,Yes
326,15,6.1,5,4,6,1,Moderate,Fair,Yes
327,31,7.4,6,9,10,1,Moderate,Good,Yes
328,22,6,5,2,5,0,Moderate,Fair,No
329,15,3,3,3,2,0,Low,Poor,No
330,21,7.2,6,6,6,0,Moderate,Fair,No
331,28,5.7,8,1,2,1,High,Poor,Yes
332,19,5.6,5,6,9,0,Moderate,Good,No
333,16,6.5,7,1,3,1,High,Poor,Yes
334,23,8.5,8,3,8,1,High,Good,Yes
335,30,6.9,6,3,4,1,Moderate,Fair,Yes
336,21,7.8,5,8,5,1,Moderate,Fair,Yes
337,11,7.4,5,2,9,1,Moderate,Good,Yes
338,12,6.7,6,8,7,1,Moderate,Good,Yes
339,16,7.5,10,3,3,1,High,Poor,Yes
340,18,6.3,7,4,5,1,High,Fair,Yes
341,22,4.6,5,3,5,1,Moderate,Fair,Yes
342,27,7,5,8,4,0,Moderate,Fair,No
343,19,3.1,7,2,7,1,High,Good,Yes
344,13,5,7,7,10,1,High,Good,Yes
345,27,6.4,9,8,4,1,High,Fair,Yes
346,24,6.3,6,4,5,1,Moderate,Fair,Yes
347,31,5.9,8,2,10,1,High,Good,Yes
348,9,8,5,7,6,1,Moderate,Fair,Yes
349,23,4.9,7,3,5,0,High,Fair,No
350,33,2.6,6,3,6,0,Moderate,Fair,No
351,28,7.7,8,3,2,1,High,Poor,Yes
352,15,6.6,9,3,6,1,High,Fair,Yes
353,28,6.3,9,9,4,0,High,Fair,No
354,15,5.9,8,7,3,0,High,Poor,No
355,18,4,5,6,6,0,Moderate,Fair,No
356,32,5.1,6,4,4,1,Moderate,Fair,Yes
357,20,7.3,7,8,7,1,High,Good,Yes
358,29,6.5,2,3,7,1,Low,Good,Yes
359,20,4.4,9,5,7,1,High,Good,Yes
360,9,7.4,4,8,6,0,Moderate,Fair,No
361,15,7.7,5,3,7,0,Moderate,Good,No
362,13,6.3,9,5,4,1,High,Fair,Yes
363,18,6.5,7,3,3,0,High,Poor,No
364,19,8.6,7,4,4,1,High,Fair,Yes
365,21,7.1,5,5,8,1,Moderate,Good,Yes
366,20,8.3,3,5,6,1,Low,Fair,Yes
367,37,6.4,5,8,5,1,Moderate,Fair,Yes
368,11,8.7,7,7,5,1,High,Fair,Yes
369,19,6.4,8,7,6,1,High,Fair,Yes
370,25,7.9,6,7,7,0,Moderate,Good,No
371,35,6,6,9,6,1,Moderate,Fair,Yes
372,23,4.9,7,6,8,1,High,Good,Yes
373,32,8,5,7,8,0,Moderate,Good,No
374,9,9.9,7,4,8,0,High,Good,No
375,34,6,4,5,6,1,Moderate,Fair,Yes
376,16,8.7,10,7,9,1,High,Good,Yes
377,20,6.1,1,4,6,0,Low,Fair,No
378,13,7.9,9,4,6,1,High,Fair,Yes
379,23,5,5,6,6,0,Moderate,Fair,No
380,36,6.9,9,9,7,0,High,Good,No
381,40,5.4,3,2,5,0,Low,Fair,No
382,13,4.5,6,4,4,1,Moderate,Fair,Yes
383,26,7.5,7,6,9,1,High,Good,Yes
384,33,8.9,4,6,3,0,Moderate,Poor,No
385,20,5.3,5,2,8,0,Moderate,Good,No
386,20,5.2,7,3,3,1,High,Poor,Yes
387,20,4.9,7,2,9,1,High,Good,Yes
388,27,5.8,4,5,6,0,Moderate,Fair,No
389,33,7.5,4,8,10,0,Moderate,Good,No
390,28,7.6,7,5,6,0,High,Fair,No
391,25,7.2,9,5,5,0,High,Fair,No
392,20,7.6,8,10,8,1,High,Good,Yes
393,26,5.8,3,4,6,1,Low,Fair,Yes
394,18,6.2,5,5,7,1,Moderate,Good,Yes
395,20,7.5,3,4,6,0,Low,Fair,No
396,31,6.1,8,3,9,1,High,Good,Yes
397,26,5.1,5,7,8,1,Moderate,Good,Yes
398,24,4.4,6,4,5,1,Moderate,Fair,Yes
399,20,10,8,7,6,1,High,Fair,Yes
400,29,4,6,4,9,1,Moderate,Good,Yes
401,33,6.5,5,5,6,1,Moderate,Fair,Yes
402,15,9.4,7,3,8,1,High,Good,Yes
403,22,7.8,4,4,8,1,Moderate,Good,Yes
404,22,6.2,10,6,6,0,High,Fair,No
405,17,7.3,1,1,7,1,Low,Good,Yes
406,14,9.2,10,3,5,1,High,Fair,Yes
407,22,6.8,8,6,6,1,High,Fair,Yes
408,27,5.6,5,2,10,0,Moderate,Good,No
409,34,8.7,7,8,6,1,High,Fair,Yes
410,7,9.3,6,3,8,1,Moderate,Good,Yes
411,16,5,10,3,5,1,High,Fair,Yes
412,20,7.6,10,5,1,0,High,Poor,No
413,9,6.7,8,5,4,1,High,Fair,Yes
414,16,7.6,6,5,5,1,Moderate,Fair,Yes
415,16,7.3,7,6,3,1,High,Poor,Yes
416,16,6.5,5,7,7,0,Moderate,Good,No
417,4,7.2,4,1,6,1,Moderate,Fair,Yes
418,24,4.7,6,8,4,0,Moderate,Fair,No
419,17,4.4,9,9,8,0,High,Good,No
420,34,7.6,5,3,5,1,Moderate,Fair,Yes
421,28,6.6,7,1,3,0,High,Poor,No
422,10,6.3,9,1,6,0,High,Fair,No
423,23,4,7,1,6,1,High,Fair,Yes
424,17,5.6,7,6,10,1,High,Good,Yes
425,29,6.8,5,7,6,0,Moderate,Fair,No
426,22,5.8,7,9,5,1,High,Fair,Yes
427,18,6.6,4,6,4,0,Moderate,Fair,No
428,26,7.1,5,8,6,1,Moderate,Fair,Yes
429,23,6.3,4,4,5,1,Moderate,Fair,Yes
430,21,7.1,6,3,7,1,Moderate,Good,Yes
431,38,6.1,7,6,6,1,High,Fair,Yes
432,18,6,6,6,9,1,Moderate,Good,Yes
433,18,6.1,4,1,6,0,Moderate,Fair,No
434,10,7.5,4,8,3,0,Moderate,Poor,No
435,22,7.7,4,4,4,0,Moderate,Fair,No
436,29,10,7,5,6,0,High,Fair,No
437,5,5,7,3,7,1,High,Good,Yes
438,20,5.4,4,7,10,0,Moderate,Good,No
439,13,7.5,3,4,7,1,Low,Good,Yes
440,34,9,6,2,7,1,Moderate,Good,Yes
441,33,8.3,5,6,3,1,Moderate,Poor,Yes
442,25,5.8,4,1,7,1,Moderate,Good,Yes
443,33,5.5,8,5,3,1,High,Poor,Yes
444,15,9,6,5,5,0,Moderate,Fair,No
445,30,8.8,6,10,8,1,Moderate,Good,Yes
446,17,6.8,8,6,8,1,High,Good,Yes
447,25,9.1,7,2,5,0,High,Fair,No
448,20,6.5,6,6,5,0,Moderate,Fair,No
449,20,5.3,4,5,5,0,Moderate,Fair,No
450,26,6.4,9,6,10,0,High,Good,No
451,12,6.6,3,1,1,0,Low,Poor,No
452,20,4.2,9,9,6,0,High,Fair,No
453,23,6.2,5,7,8,1,Moderate,Good,Yes
454,19,5.9,10,4,5,1,High,Fair,Yes
455,23,7.2,6,1,3,0,Moderate,Poor,No
456,19,5.7,5,6,7,1,Moderate,Good,Yes
457,35,7.2,6,2,8,0,Moderate,Good,No
458,28,7.3,9,2,3,1,High,Poor,Yes
459,40,6.1,3,7,5,0,Low,Fair,No
460,16,6.4,6,7,7,0,Moderate,Good,No
461,29,10,7,4,4,1,High,Fair,Yes
462,39,8.8,7,1,6,1,High,Fair,Yes
463,24,8.8,7,1,5,1,High,Fair,Yes
464,13,6.6,6,2,5,0,Moderate,Fair,No
465,14,5.2,4,3,5,0,Moderate,Fair,No
466,22,7.4,10,3,8,0,High,Good,No
467,32,6.6,3,6,8,1,Low,Good,Yes
468,28,10,8,3,7,1,High,Good,Yes
469,5,3.6,4,6,5,1,Moderate,Fair,Yes
470,16,6.2,2,8,2,1,Low,Poor,Yes
471,22,8.7,7,4,4,1,High,Fair,Yes
472,10,3.4,10,2,8,1,High,Good,Yes
473,28,6.1,8,2,4,0,High,Fair,No
474,2,7,3,7,5,0,Low,Fair,No
475,23,6.2,5,1,8,1,Moderate,Good,Yes
476,19,5.1,5,9,3,0,Moderate,Poor,No
477,18,6.3,4,6,9,1,Moderate,Good,Yes
478,20,8.5,8,8,6,1,High,Fair,Yes
479,25,4.5,10,3,1,0,High,Poor,No
480,25,8.6,3,4,4,1,Low,Fair,Yes
481,20,7.9,8,6,5,1,High,Fair,Yes
482,7,4.6,4,5,9,1,Moderate,Good,Yes
483,10,4.2,9,7,8,0,High,Good,No
484,10,6.6,7,5,7,1,High,Good,Yes
485,28,6.9,6,5,7,0,Moderate,Good,No
486,20,8.3,8,10,6,1,High,Fair,Yes
487,24,6.4,10,6,5,0,High,Fair,No
488,10,7.1,9,1,4,0,High,Fair,No
489,18,8.4,6,7,8,0,Moderate,Good,No
490,26,8.3,8,3,6,0,High,Fair,No
491,21,7.7,4,5,8,1,Moderate,Good,Yes
492,21,7,7,9,10,1,High,Good,Yes
493,21,7.1,8,9,7,1,High,Good,Yes
494,32,8.3,7,1,5,1,High,Fair,Yes
495,17,8.2,5,1,8,1,Moderate,Good,Yes
496,27,6.4,6,6,5,0,Moderate,Fair,No
497,29,7,5,4,7,1,Moderate,Good,Yes
498,12,9,7,4,10,1,High,Good,Yes
499,23,8.7,6,8,5,1,Moderate,Fair,Yes
500,22,5,6,4,4,0,Moderate,Fair,No
501,30,8.7,5,2,4,1,Moderate,Fair,Yes
502,29,6.4,9,4,8,1,High,Good,Yes
503,22,4.1,7,7,7,1,High,Good,Yes
504,23,8.4,4,6,8,1,Moderate,Good,Yes
505,16,6.6,7,7,7,1,High,Good,Yes
506,20,8,5,1,6,1,Moderate,Fair,Yes
507,14,9.4,7,5,6,1,High,Fair,Yes
508,14,8.1,10,7,6,0,High,Fair,No
509,12,6,4,9,4,1,Moderate,Fair,Yes
510,29,6.3,7,1,6,0,High,Fair,No
511,31,5,4,3,5,1,Moderate,Fair,Yes
512,19,5.3,8,7,7,1,High,Good,Yes
513,13,7.2,4,7,4,1,Moderate,Fair,Yes
514,21,6.1,3,6,4,1,Low,Fair,Yes
515,40,7.5,8,1,9,0,High,Good,No
516,38,7.7,5,4,5,1,Moderate,Fair,Yes
517,8,7,2,1,8,1,Low,Good,Yes
518,19,5.9,4,5,8,1,Moderate,Good,Yes
519,34,4.3,9,3,4,0,High,Fair,No
520,22,6.7,7,2,4,1,High,Fair,Yes
521,35,4.9,7,6,5,0,High,Fair,No
522,19,7.5,8,10,2,0,High,Poor,No
523,27,7.7,7,1,6,0,High,Fair,No
524,24,7,1,3,5,1,Low,Fair,Yes
525,40,4.9,6,5,3,1,Moderate,Poor,Yes
526,29,5.4,4,3,4,1,Moderate,Fair,Yes
527,12,5.8,5,3,8,1,Moderate,Good,Yes
528,17,6.7,3,7,8,1,Low,Good,Yes
529,25,10,7,3,8,1,High,Good,Yes
530,7,5.1,10,5,4,1,High,Fair,Yes
531,8,3.3,7,8,9,0,High,Good,No
532,13,6.3,10,6,4,1,High,Fair,Yes
533,19,5.2,6,1,7,1,Moderate,Good,Yes
534,32,3.2,5,8,5,1,Moderate,Fair,Yes
535,20,5.2,8,7,9,0,High,Good,No
536,23,5.9,4,6,7,1,Moderate,Good,Yes
537,21,4.8,4,5,3,1,Moderate,Poor,Yes
538,16,7.6,1,3,9,1,Low,Good,Yes
539,33,7.9,2,3,5,1,Low,Fair,Yes
540,13,6,6,3,4,1,Moderate,Fair,Yes
541,20,4.3,7,2,5,1,High,Fair,Yes
542,19,7.4,6,7,3,0,Moderate,Poor,No
543,26,5.2,3,2,5,0,Low,Fair,No
544,35,5.3,4,6,3,1,Moderate,Poor,Yes
545,26,6.7,5,3,9,1,Moderate,Good,Yes
546,33,5,8,7,6,1,High,Fair,Yes
547,28,6.1,7,8,1,0,High,Poor,No
548,17,5.3,5,5,3,0,Moderate,Poor,No
549,23,7.1,3,6,5,1,Low,Fair,Yes
550,33,5.2,6,6,1,0,Moderate,Poor,No
551,10,5.2,3,2,2,1,Low,Poor,Yes
552,25,5.1,5,7,2,1,Moderate,Poor,Yes
553,21,6.5,6,7,8,1,Moderate,Good,Yes
554,29,8.3,9,3,6,1,High,Fair,Yes
555,28,5.2,8,3,5,1,High,Fair,Yes
556,24,6.8,7,6,3,1,High,Poor,Yes
557,34,5.5,6,2,5,1,Moderate,Fair,Yes
558,10,4.9,5,6,3,1,Moderate,Poor,Yes
559,29,8.1,8,7,6,1,High,Fair,Yes
560,9,5.6,4,5,7,0,Moderate,Good,No
561,27,8.9,6,5,5,1,Moderate,Fair,Yes
562,23,5.5,9,3,6,1,High,Fair,Yes
563,30,7.5,5,4,8,1,Moderate,Good,Yes
564,23,8.2,3,4,6,0,Low,Fair,No
565,9,9.7,6,10,4,1,Moderate,Fair,Yes
566,6,5.3,7,7,10,1,High,Good,Yes
567,26,6.6,10,8,6,0,High,Fair,No
568,21,7.9,5,4,5,1,Moderate,Fair,Yes
569,17,5.7,5,5,6,1,Moderate,Fair,Yes
570,20,7.4,9,10,6,1,High,Fair,Yes
571,17,5.9,6,3,6,0,Moderate,Fair,No
572,21,4.8,7,4,4,1,High,Fair,Yes
573,15,3.1,7,5,7,1,High,Good,Yes
574,6,7.3,9,8,6,1,High,Fair,Yes
575,20,6,8,1,5,0,High,Fair,No
576,30,9.1,6,10,2,1,Moderate,Poor,Yes
577,37,4.8,4,2,5,1,Moderate,Fair,Yes
578,22,5.8,6,2,7,0,Moderate,Good,No
579,21,7.7,8,4,7,0,High,Good,No
580,30,6.1,9,7,3,0,High,Poor,No
581,22,7.2,8,3,9,0,High,Good,No
582,19,8.5,3,1,4,1,Low,Fair,Yes
583,8,9.8,7,4,5,1,High,Fair,Yes
584,12,6.6,4,6,6,0,Moderate,Fair,No
585,25,5.2,5,7,7,0,Moderate,Good,No
586,10,4.9,4,8,6,0,Moderate,Fair,No
587,30,5.7,10,4,5,1,High,Fair,Yes
588,11,5.9,6,9,2,1,Moderate,Poor,Yes
589,20,4.7,10,8,4,0,High,Fair,No
590,22,7.4,3,4,6,1,Low,Fair,Yes
591,22,8.6,5,7,7,0,Moderate,Good,No
592,23,5.8,8,8,6,1,High,Fair,Yes
593,27,4.9,5,2,6,1,Moderate,Fair,Yes
594,21,4.6,10,9,6,0,High,Fair,No
595,20,7.7,5,5,6,1,Moderate,Fair,Yes
596,23,6.5,2,6,10,1,Low,Good,Yes
597,19,3.6,6,5,6,1,Moderate,Fair,Yes
598,34,6.3,6,3,4,1,Moderate,Fair,Yes
599,5,6.5,6,9,8,1,Moderate,Good,Yes
600,30,5.2,5,8,9,1,Moderate,Good,Yes
601,20,4.7,5,3,7,0,Moderate,Good,No
602,25,5.8,5,5,6,0,Moderate,Fair,No
603,30,5.4,6,7,3,1,Moderate,Poor,Yes
604,29,5.5,4,1,7,1,Moderate,Good,Yes
605,17,3,9,4,8,0,High,Good,No
606,35,6.3,5,6,3,1,Moderate,Poor,Yes
607,9,7.9,9,4,4,0,High,Fair,No
608,29,8.2,3,1,4,1,Low,Fair,Yes
609,18,9.6,8,1,4,0,High,Fair,No
610,7,6.9,5,3,6,0,Moderate,Fair,No
611,7,4.9,7,6,2,1,High,Poor,Yes
612,24,7.3,8,1,6,0,High,Fair,No
613,40,8.1,5,6,5,0,Moderate,Fair,No
614,24,9.3,7,8,8,0,High,Good,No
615,31,7.7,6,4,4,1,Moderate,Fair,Yes
616,29,8.6,4,8,10,1,Moderate,Good,Yes
617,17,7.2,8,8,5,1,High,Fair,Yes
618,30,4.6,2,5,6,1,Low,Fair,Yes
619,25,5.2,9,4,4,0,High,Fair,No
620,24,9.3,9,5,2,1,High,Poor,Yes
621,30,7.6,6,1,3,0,Moderate,Poor,No
622,28,5.5,6,7,6,1,Moderate,Fair,Yes
623,17,5.4,7,6,6,1,High,Fair,Yes
624,25,5.1,5,5,8,1,Moderate,Good,Yes
625,15,6.7,6,1,6,0,Moderate,Fair,No
626,27,6.1,7,6,8,0,High,Good,No
627,19,5.1,6,7,9,1,Moderate,Good,Yes
628,26,8.3,10,3,6,0,High,Fair,No
629,25,6.5,6,8,8,0,Moderate,Good,No
630,20,7.6,5,7,5,1,Moderate,Fair,Yes
631,26,5.9,4,2,3,0,Moderate,Poor,No
632,27,6.8,5,3,5,0,Moderate,Fair,No
633,20,8.1,4,5,5,1,Moderate,Fair,Yes
634,31,7.5,8,3,3,1,High,Poor,Yes
635,33,7.9,7,3,6,0,High,Fair,No
636,17,3.8,6,9,9,1,Moderate,Good,Yes
637,16,6.8,6,2,5,1,Moderate,Fair,Yes
638,26,6.2,5,6,9,1,Moderate,Good,Yes
639,15,5.5,10,1,4,0,High,Fair,No
640,18,5.7,8,5,3,1,High,Poor,Yes
641,28,9,8,7,3,0,High,Poor,No
642,17,7.1,7,8,7,0,High,Good,No
643,7,6.3,7,2,5,1,High,Fair,Yes
644,27,7.9,8,3,6,1,High,Fair,Yes
645,9,5.7,7,7,8,1,High,Good,Yes
646,11,6.7,8,7,9,0,High,Good,No
647,1,8.7,6,4,5,1,Moderate,Fair,Yes
648,29,6,9,5,9,1,High,Good,Yes
649,24,5.3,3,4,6,0,Low,Fair,No
650,26,5.7,10,7,5,1,High,Fair,Yes
651,29,4.9,6,6,3,0,Moderate,Poor,No
652,22,6.9,7,5,4,1,High,Fair,Yes
653,13,7,6,3,6,1,Moderate,Fair,Yes
654,27,7.8,5,6,6,0,Moderate,Fair,No
655,32,9.2,5,4,4,0,Moderate,Fair,No
656,10,8.6,9,1,8,0,High,Good,No
657,17,4.6,10,3,8,1,High,Good,Yes
658,20,9.5,4,1,2,1,Moderate,Poor,Yes
659,12,6.7,7,8,4,1,High,Fair,Yes
660,28,5.9,5,9,7,1,Moderate,Good,Yes
661,17,9.3,7,10,8,1,High,Good,Yes
662,32,7.1,7,10,6,0,High,Fair,No
663,22,9.1,5,3,6,1,Moderate,Fair,Yes
664,28,6.4,7,2,6,1,High,Fair,Yes
665,34,5.4,10,4,7,1,High,Good,Yes
666,24,3.6,4,8,6,0,Moderate,Fair,No
667,31,8.2,6,3,10,0,Moderate,Good,No
668,24,5.2,7,3,4,1,High,Fair,Yes
669,10,7.8,7,3,4,1,High,Fair,Yes
670,22,6.7,7,5,7,0,High,Good,No
671,28,7.2,7,7,8,1,High,Good,Yes
672,26,8.4,6,1,6,1,Moderate,Fair,Yes
673,21,5.8,7,5,6,0,High,Fair,No
674,12,5.8,6,1,6,1,Moderate,Fair,Yes
675,27,6.2,8,8,8,1,High,Good,Yes
676,15,8.1,8,7,5,1,High,Fair,Yes
677,12,5.8,6,6,5,1,Moderate,Fair,Yes
678,27,6.2,9,5,8,1,High,Good,Yes
679,12,7.7,7,8,8,1,High,Good,Yes
680,24,7.7,8,7,5,1,High,Fair,Yes
681,22,7.7,7,2,5,0,High,Fair,No
682,11,6.6,5,10,9,1,Moderate,Good,Yes
683,31,7.6,8,4,8,1,High,Good,Yes
684,17,6.9,3,3,8,0,Low,Good,No
685,32,5.6,4,6,4,1,Moderate,Fair,Yes
686,18,9.2,8,6,3,1,High,Poor,Yes
687,17,3.7,9,6,8,1,High,Good,Yes
688,22,7.8,3,2,6,1,Low,Fair,Yes
689,19,7,9,5,8,0,High,Good,No
690,19,6.5,4,6,3,0,Moderate,Poor,No
691,15,5.6,5,10,10,1,Moderate,Good,Yes
692,12,6.1,4,3,5,0,Moderate,Fair,No
693,27,9.2,6,7,6,1,Moderate,Fair,Yes
694,16,6.4,6,3,6,1,Moderate,Fair,Yes
695,11,5.9,7,6,4,1,High,Fair,Yes
696,18,5.2,6,3,6,1,Moderate,Fair,Yes
697,16,5.8,6,1,5,1,Moderate,Fair,Yes
698,4,6.4,7,1,6,1,High,Fair,Yes
699,20,4.5,4,7,4,0,Moderate,Fair,No
700,23,8.2,5,5,4,0,Moderate,Fair,No
701,24,6.6,9,6,7,1,High,Good,Yes
702,25,8.7,1,1,10,0,Low,Good,No
703,14,8,8,5,5,1,High,Fair,Yes
704,19,8.6,9,5,4,1,High,Fair,Yes
705,14,4.5,9,9,8,1,High,Good,Yes
706,17,7.4,6,3,5,1,Moderate,Fair,Yes
707,12,6,8,7,7,1,High,Good,Yes
708,13,6.4,7,5,3,0,High,Poor,No
709,27,5.6,5,8,7,1,Moderate,Good,Yes
710,20,6.8,8,6,10,0,High,Good,No
711,20,6.6,7,6,6,1,High,Fair,Yes
712,36,3.3,6,5,8,0,Moderate,Good,No
713,22,7.8,5,5,6,1,Moderate,Fair,Yes
714,18,6.7,6,5,8,0,Moderate,Good,No
715,28,5,7,5,5,0,High,Fair,No
716,18,4.8,6,5,5,0,Moderate,Fair,No
717,33,5.5,4,7,7,1,Moderate,Good,Yes
718,19,4.1,7,5,7,1,High,Good,Yes
719,17,6.7,6,3,8,0,Moderate,Good,No
720,13,8.8,8,5,8,1,High,Good,Yes
721,25,6.8,4,2,4,1,Moderate,Fair,Yes
722,34,7.3,3,9,5,1,Low,Fair,Yes
723,19,4.3,5,10,5,1,Moderate,Fair,Yes
724,24,4.2,5,5,7,0,Moderate,Good,No
725,25,5.2,8,5,3,1,High,Poor,Yes
726,33,7.6,3,3,8,0,Low,Good,No
727,27,5.2,4,6,6,0,Moderate,Fair,No
728,13,7.3,6,8,6,1,Moderate,Fair,Yes
729,16,6.2,5,7,7,1,Moderate,Good,Yes
730,16,7.1,6,5,6,1,Moderate,Fair,Yes
731,23,4.9,4,8,4,1,Moderate,Fair,Yes
732,22,5.1,5,10,4,1,Moderate,Fair,Yes
733,25,6.3,5,4,5,0,Moderate,Fair,No
734,17,6.2,3,6,6,1,Low,Fair,Yes
735,19,3.8,7,8,3,1,High,Poor,Yes
736,28,7.3,5,4,3,1,Moderate,Poor,Yes
737,21,3.6,5,6,8,1,Moderate,Good,Yes
738,17,5.9,9,2,4,0,High,Fair,No
739,30,6.6,8,3,5,1,High,Fair,Yes
740,22,5.4,5,1,10,0,Moderate,Good,No
741,15,4.4,8,3,5,1,High,Fair,Yes
742,36,5.9,6,4,5,0,Moderate,Fair,No
743,13,6.3,6,8,7,0,Moderate,Good,No
744,8,5.1,7,2,7,0,High,Good,No
745,4,4.5,7,5,7,0,High,Good,No
746,27,4.7,6,4,10,1,Moderate,Good,Yes
747,18,5.7,6,4,10,0,Moderate,Good,No
748,20,5.8,7,6,8,0,High,Good,No
749,24,8.6,8,9,3,1,High,Poor,Yes
750,18,4.6,6,2,5,1,Moderate,Fair,Yes
751,9,7.1,9,7,2,1,High,Poor,Yes
752,6,5.9,5,3,3,1,Moderate,Poor,Yes
753,19,6.6,10,2,6,1,High,Fair,Yes
754,23,5.5,8,7,7,1,High,Good,Yes
755,4,7.7,6,2,4,0,Moderate,Fair,No
756,24,3.9,2,3,5,0,Low,Fair,No
757,25,6.7,6,8,9,1,Moderate,Good,Yes
758,32,6.5,6,5,6,1,Moderate,Fair,Yes
759,23,8.1,9,9,8,1,High,Good,Yes
760,24,6.2,7,10,7,1,High,Good,Yes
761,27,7.2,3,6,5,1,Low,Fair,Yes
762,22,7.1,7,7,4,1,High,Fair,Yes
763,21,5.5,5,5,7,1,Moderate,Good,Yes
764,23,6.4,3,4,5,0,Low,Fair,No
765,28,6.3,8,3,6,1,High,Fair,Yes
766,19,8.2,8,8,6,0,High,Fair,No
767,18,6.9,6,7,6,1,Moderate,Fair,Yes
768,15,6.9,9,6,4,1,High,Fair,Yes
769,14,10,6,7,4,1,Moderate,Fair,Yes
770,25,7.1,3,2,6,1,Low,Fair,Yes
771,34,7,8,2,7,1,High,Good,Yes
772,14,7.3,5,6,6,1,Moderate,Fair,Yes
773,20,8.8,7,7,7,0,High,Good,No
774,14,7.9,5,8,4,0,Moderate,Fair,No
775,29,7,4,9,5,0,Moderate,Fair,No
776,19,5.6,7,6,7,1,High,Good,Yes
777,23,7,5,2,9,0,Moderate,Good,No
778,25,6.7,5,2,4,1,Moderate,Fair,Yes
779,14,3.7,8,3,2,1,High,Poor,Yes
780,21,4.2,1,9,6,1,Low,Fair,Yes
781,20,3.8,5,6,7,0,Moderate,Good,No
782,27,8.6,9,9,8,1,High,Good,Yes
783,12,7.4,6,3,9,0,Moderate,Good,No
784,12,3,3,5,6,0,Low,Fair,No
785,28,7.2,6,7,3,1,Moderate,Poor,Yes
786,17,6.6,6,6,3,1,Moderate,Poor,Yes
787,17,6.1,5,2,2,1,Moderate,Poor,Yes
788,23,5.4,5,1,6,0,Moderate,Fair,No
789,19,4.6,6,1,7,1,Moderate,Good,Yes
790,37,7.8,8,7,5,0,High,Fair,No
791,24,5.6,5,7,8,0,Moderate,Good,No
792,23,6.3,8,5,7,0,High,Good,No
793,29,7.4,3,10,5,1,Low,Fair,Yes
794,22,7.3,10,6,7,1,High,Good,Yes
795,22,5.9,8,4,7,0,High,Good,No
796,13,5.7,5,8,5,1,Moderate,Fair,Yes
797,4,6.9,6,8,7,1,Moderate,Good,Yes
798,12,4.7,4,3,8,1,Moderate,Good,Yes
799,23,7,5,5,7,1,Moderate,Good,Yes
800,14,6.8,7,7,7,1,High,Good,Yes
801,28,6.9,2,8,5,0,Low,Fair,No
802,28,6.1,8,5,6,0,High,Fair,No
803,24,3.9,8,2,4,1,High,Fair,Yes
804,20,3.5,7,9,7,1,High,Good,Yes
805,11,4.6,5,6,5,1,Moderate,Fair,Yes
806,20,7,8,4,4,0,High,Fair,No
807,18,6.3,6,4,4,1,Moderate,Fair,Yes
808,27,5.4,10,4,6,0,High,Fair,No
809,32,5.3,7,1,5,0,High,Fair,No
810,26,7.3,10,5,4,0,High,Fair,No
811,13,4.1,5,8,6,1,Moderate,Fair,Yes
812,35,7.6,9,10,9,0,High,Good,No
813,30,7.2,8,4,9,1,High,Good,Yes
814,24,5.2,8,5,4,1,High,Fair,Yes
815,4,6.4,10,7,4,0,High,Fair,No
816,14,7.8,9,5,6,0,High,Fair,No
817,21,8.5,9,4,5,0,High,Fair,No
818,28,8.7,9,4,9,1,High,Good,Yes
819,13,7.1,5,6,7,1,Moderate,Good,Yes
820,40,6.2,8,1,7,0,High,Good,No
821,2,7.2,9,4,7,1,High,Good,Yes
822,20,6.1,3,6,5,1,Low,Fair,Yes
823,20,5,9,6,7,1,High,Good,Yes
824,17,7.8,4,3,3,1,Moderate,Poor,Yes
825,19,7.5,3,4,6,1,Low,Fair,Yes
826,28,8.4,6,1,8,1,Moderate,Good,Yes
827,15,9,3,6,2,1,Low,Poor,Yes
828,5,8.7,5,7,4,1,Moderate,Fair,Yes
829,23,7.7,8,5,4,1,High,Fair,Yes
830,22,6.4,7,5,7,1,High,Good,Yes
831,22,6.4,9,1,6,0,High,Fair,No
832,27,5.9,7,9,5,1,High,Fair,Yes
833,22,5.3,3,4,7,1,Low,Good,Yes
834,28,5.9,4,4,2,1,Moderate,Poor,Yes
835,6,7.4,7,5,8,1,High,Good,Yes
836,13,7.1,6,7,5,1,Moderate,Fair,Yes
837,25,4.7,8,9,7,1,High,Good,Yes
838,19,8.3,7,6,8,1,High,Good,Yes
839,30,8.4,4,2,4,0,Moderate,Fair,No
840,14,8.7,5,5,9,1,Moderate,Good,Yes
841,28,4.7,8,5,5,1,High,Fair,Yes
842,17,5.9,5,6,7,1,Moderate,Good,Yes
843,13,5.9,3,8,3,1,Low,Poor,Yes
844,19,5.8,8,5,4,1,High,Fair,Yes
845,22,5.7,7,3,6,1,High,Fair,Yes
846,12,5.7,5,9,8,0,Moderate,Good,No
847,16,5,6,10,6,0,Moderate,Fair,No
848,12,5.7,7,4,3,1,High,Poor,Yes
849,30,6,5,8,7,1,Moderate,Good,Yes
850,28,6.8,7,8,6,0,High,Fair,No
851,14,7.4,5,8,8,1,Moderate,Good,Yes
852,26,7.9,6,4,6,1,Moderate,Fair,Yes
853,20,5.3,8,7,10,0,High,Good,No
854,13,6.6,6,8,4,1,Moderate,Fair,Yes
855,25,10,3,10,7,1,Low,Good,Yes
856,19,5.8,6,6,9,1,Moderate,Good,Yes
857,29,7.6,3,5,5,0,Low,Fair,No
858,20,5.5,5,3,7,1,Moderate,Good,Yes
859,32,8.1,5,5,7,1,Moderate,Good,Yes
860,18,7.3,10,7,5,1,High,Fair,Yes
861,24,5.1,7,7,9,0,High,Good,No
862,25,8,7,3,5,0,High,Fair,No
863,24,8.2,7,5,4,0,High,Fair,No
864,24,7.8,5,2,2,0,Moderate,Poor,No
865,22,2.3,1,6,8,1,Low,Good,Yes
866,21,6.7,10,5,3,0,High,Poor,No
867,33,8.8,5,8,7,0,Moderate,Good,No
868,29,6.2,5,6,7,1,Moderate,Good,Yes
869,17,5.5,5,8,1,0,Moderate,Poor,No
870,33,6.3,9,7,6,0,High,Fair,No
871,23,2.9,8,3,6,1,High,Fair,Yes
872,17,4.8,9,1,7,0,High,Good,No
873,23,6.4,7,5,4,0,High,Fair,No
874,21,7.8,6,10,8,1,Moderate,Good,Yes
875,23,6.8,6,7,8,0,Moderate,Good,No
876,14,7.5,3,7,10,1,Low,Good,Yes
877,15,5,7,7,9,1,High,Good,Yes
878,33,8.7,6,8,4,1,Moderate,Fair,Yes
879,30,8.3,6,9,6,0,Moderate,Fair,No
880,15,7.4,9,8,5,1,High,Fair,Yes
881,15,6.2,9,8,3,1,High,Poor,Yes
882,36,7.8,10,8,2,1,High,Poor,Yes
883,37,5.6,7,9,6,0,High,Fair,No
884,16,5.2,6,8,3,1,Moderate,Poor,Yes
885,12,3.2,5,1,6,1,Moderate,Fair,Yes
886,40,6.8,6,3,7,1,Moderate,Good,Yes
887,24,3,10,5,8,0,High,Good,No
888,23,6.5,6,5,5,1,Moderate,Fair,Yes
889,23,7.2,10,10,8,1,High,Good,Yes
890,33,7.7,6,6,8,1,Moderate,Good,Yes
891,20,8,7,8,7,1,High,Good,Yes
892,34,7.4,10,5,5,1,High,Fair,Yes
893,20,5.2,6,6,8,1,Moderate,Good,Yes
894,26,7.8,3,5,2,1,Low,Poor,Yes
895,14,6.6,5,5,8,0,Moderate,Good,No
896,23,3.7,4,10,8,1,Moderate,Good,Yes
897,32,6.3,7,6,6,0,High,Fair,No
898,21,3.8,5,6,6,1,Moderate,Fair,Yes
899,32,4.9,7,5,2,1,High,Poor,Yes
900,40,5.6,10,4,4,1,High,Fair,Yes
901,30,5.6,4,5,5,1,Moderate,Fair,Yes
902,20,7.9,4,2,10,1,Moderate,Good,Yes
903,23,6.4,6,5,3,1,Moderate,Poor,Yes
904,19,5.1,8,3,4,1,High,Fair,Yes
905,39,5.5,7,8,6,1,High,Fair,Yes
906,1,5.6,7,9,6,0,High,Fair,No
907,23,6.8,10,2,5,0,High,Fair,No
908,23,7.3,6,2,6,0,Moderate,Fair,No
909,24,5.9,10,4,7,0,High,Good,No
910,10,6,3,5,5,0,Low,Fair,No
911,24,7.3,7,6,8,1,High,Good,Yes
912,24,5.2,8,7,7,1,High,Good,Yes
913,32,6.3,9,3,9,1,High,Good,Yes
914,26,6.3,3,6,5,1,Low,Fair,Yes
915,31,5.4,5,4,4,0,Moderate,Fair,No
916,14,5.5,3,4,6,0,Low,Fair,No
917,21,6,6,7,8,1,Moderate,Good,Yes
918,24,5.2,5,6,9,1,Moderate,Good,Yes
919,24,6.4,8,7,10,1,High,Good,Yes
920,16,4.6,7,3,2,1,High,Poor,Yes
921,34,7.1,6,5,5,1,Moderate,Fair,Yes
922,17,5.8,9,5,8,1,High,Good,Yes
923,9,7.7,6,8,4,0,Moderate,Fair,No
924,25,7.1,9,5,5,1,High,Fair,Yes
925,27,5.7,8,3,3,1,High,Poor,Yes
926,30,6,8,7,4,0,High,Fair,No
927,14,7.4,8,7,4,1,High,Fair,Yes
928,20,7.6,5,7,4,1,Moderate,Fair,Yes
929,11,7.2,4,6,7,0,Moderate,Good,No
930,29,7,8,3,2,1,High,Poor,Yes
931,25,3.8,4,1,6,0,Moderate,Fair,No
932,29,6.7,5,8,9,0,Moderate,Good,No
933,27,4.4,6,8,3,1,Moderate,Poor,Yes
934,17,6.6,8,5,7,1,High,Good,Yes
935,23,5.5,8,1,3,0,High,Poor,No
936,7,6.3,3,5,5,1,Low,Fair,Yes
937,26,4.7,7,7,6,1,High,Fair,Yes
938,30,6.3,3,4,8,1,Low,Good,Yes
939,15,8.8,10,6,6,0,High,Fair,No
940,5,9.2,5,3,4,0,Moderate,Fair,No
941,10,2.8,10,6,7,0,High,Good,No
942,13,4,6,2,3,0,Moderate,Poor,No
943,32,4.4,8,4,7,1,High,Good,Yes
944,22,4.6,5,8,4,1,Moderate,Fair,Yes
945,12,9.6,7,5,3,0,High,Poor,No
946,26,8,8,9,6,1,High,Fair,Yes
947,5,6.3,9,6,2,0,High,Poor,No
948,20,8,5,8,4,1,Moderate,Fair,Yes
949,31,9.9,3,5,4,1,Low,Fair,Yes
950,19,7.5,4,7,4,0,Moderate,Fair,No
951,32,9.2,7,7,6,1,High,Fair,Yes
952,36,4.8,7,4,6,0,High,Fair,No
953,13,4.9,6,9,7,1,Moderate,Good,Yes
954,13,8.1,6,7,9,1,Moderate,Good,Yes
955,15,7.8,6,3,5,0,Moderate,Fair,No
956,26,7.8,6,8,10,1,Moderate,Good,Yes
957,29,7.2,10,4,2,1,High,Poor,Yes
958,32,5.8,7,1,2,1,High,Poor,Yes
959,32,7.9,9,5,4,1,High,Fair,Yes
960,31,9.3,10,3,5,1,High,Fair,Yes
961,30,8.4,4,4,6,0,Moderate,Fair,No
962,23,4.4,6,4,9,1,Moderate,Good,Yes
963,15,7.2,6,1,5,1,Moderate,Fair,Yes
964,16,6.5,9,4,8,1,High,Good,Yes
965,25,6.6,6,8,6,1,Moderate,Fair,Yes
966,35,6.2,7,1,8,0,High,Good,No
967,36,4.6,7,9,8,1,High,Good,Yes
968,7,7,7,9,2,0,High,Poor,No
969,15,8.5,5,3,7,0,Moderate,Good,No
970,33,9,10,10,5,1,High,Fair,Yes
971,13,7.2,4,2,5,1,Moderate,Fair,Yes
972,9,5.4,6,6,4,0,Moderate,Fair,No
973,27,5.6,7,4,5,1,High,Fair,Yes
974,36,5.6,7,8,3,0,High,Poor,No
975,37,7.4,4,2,4,0,Moderate,Fair,No
976,26,6.1,6,4,6,1,Moderate,Fair,Yes
977,28,10,4,1,5,1,Moderate,Fair,Yes
978,26,6.1,8,7,7,0,High,Good,No
979,22,6.7,5,7,1,1,Moderate,Poor,Yes
980,1,6.2,4,5,7,0,Moderate,Good,No
981,28,5.5,6,3,7,1,Moderate,Good,Yes
982,19,7.8,4,3,3,0,Moderate,Poor,No
983,30,5.7,7,5,5,1,High,Fair,Yes
984,17,6.5,5,2,5,0,Moderate,Fair,No
985,9,6.1,5,10,6,1,Moderate,Fair,Yes
986,32,2.3,3,2,4,1,Low,Fair,Yes
987,23,7.5,1,5,3,0,Low,Poor,No
988,40,6.7,9,4,9,1,High,Good,Yes
989,29,5.2,10,5,4,0,High,Fair,No
990,30,8.5,9,5,4,1,High,Fair,Yes
991,28,4.6,6,7,6,1,Moderate,Fair,Yes
992,17,3.8,7,3,8,1,High,Good,Yes
993,19,5.5,7,3,4,0,High,Fair,No
994,30,4.7,6,7,6,0,Moderate,Fair,No
995,30,7.7,7,10,8,1,High,Good,Yes
996,27,6.6,8,7,6,1,High,Fair,Yes
997,14,5.9,8,6,5,1,High,Fair,Yes
998,35,6.5,9,6,6,0,High,Fair,No
999,11,5.1,6,5,6,1,Moderate,Fair,Yes
1000,19,6.8,7,1,4,1,High,Fair,Yes
1001,40,6.8,6,7,6,0,Moderate,Fair,No
1002,26,6.4,4,4,4,1,Moderate,Fair,Yes
1003,30,6.5,5,6,10,1,Moderate,Good,Yes
1004,25,4.8,6,9,4,0,Moderate,Fair,No
1005,14,7.9,7,5,9,0,High,Good,No
1006,17,4.3,9,7,7,1,High,Good,Yes
1007,23,9.8,8,3,7,1,High,Good,Yes
1008,1,8.9,4,9,6,1,Moderate,Fair,Yes
1009,15,7.3,8,9,3,1,High,Poor,Yes
1010,28,4.5,5,7,6,1,Moderate,Fair,Yes
1011,20,7.1,8,7,5,1,High,Fair,Yes
1012,20,4,4,6,10,1,Moderate,Good,Yes
1013,29,6.1,4,6,7,1,Moderate,Good,Yes
1014,18,7.7,7,6,6,1,High,Fair,Yes
1015,27,7.8,5,5,6,1,Moderate,Fair,Yes
1016,11,6.5,9,4,10,1,High,Good,Yes
1017,12,6.1,4,4,3,1,Moderate,Poor,Yes
1018,9,6.9,7,7,6,1,High,Fair,Yes
1019,23,4.1,8,4,6,0,High,Fair,No
1020,20,5.9,6,1,6,1,Moderate,Fair,Yes
1021,34,9.2,7,7,9,0,High,Good,No
1022,22,3.9,5,6,4,0,Moderate,Fair,No
1023,33,8.9,4,4,2,1,Moderate,Poor,Yes
1024,38,7.3,2,5,5,1,Low,Fair,Yes
1025,18,6,5,6,4,0,Moderate,Fair,No
1026,25,9.9,7,9,2,0,High,Poor,No
1027,15,6.4,7,8,6,1,High,Fair,Yes
1028,28,9.3,4,4,6,1,Moderate,Fair,Yes
1029,13,6.5,6,10,4,1,Moderate,Fair,Yes
1030,14,7.3,2,8,10,0,Low,Good,No
1031,24,5.6,8,6,9,1,High,Good,Yes
1032,23,5.1,5,6,5,1,Moderate,Fair,Yes
1033,24,3.5,6,4,8,0,Moderate,Good,No
1034,23,5.6,7,7,3,1,High,Poor,Yes
1035,18,7.6,5,7,6,1,Moderate,Fair,Yes
1036,21,4.8,9,5,10,0,High,Good,No
1037,35,4.8,7,6,8,0,High,Good,No
1038,22,5.8,7,3,5,1,High,Fair,Yes
1039,11,6.7,8,8,1,0,High,Poor,No
1040,15,5.8,8,5,7,0,High,Good,No
1041,13,8.3,7,1,4,1,High,Fair,Yes
1042,15,6.9,10,4,9,1,High,Good,Yes
1043,12,6.4,5,6,8,0,Moderate,Good,No
1044,1,4.8,10,7,7,0,High,Good,No
1045,27,5.1,4,2,9,1,Moderate,Good,Yes
1046,27,7.2,5,5,3,1,Moderate,Poor,Yes
1047,20,6,5,5,10,1,Moderate,Good,Yes
1048,16,8.2,5,4,9,1,Moderate,Good,Yes
1049,16,4,7,3,8,1,High,Good,Yes
1050,25,7,8,2,7,1,High,Good,Yes
1051,24,5.7,5,6,4,0,Moderate,Fair,No
1052,25,8.7,7,2,5,1,High,Fair,Yes
1053,22,7.1,8,3,5,1,High,Fair,Yes
1054,27,5,7,7,9,1,High,Good,Yes
1055,25,4.5,5,4,2,1,Moderate,Poor,Yes
1056,26,6.8,4,6,5,1,Moderate,Fair,Yes
1057,26,6,5,8,7,1,Moderate,Good,Yes
1058,35,6.4,7,6,2,1,High,Poor,Yes
1059,14,6.3,10,5,5,1,High,Fair,Yes
1060,34,7.5,5,4,9,0,Moderate,Good,No
1061,19,4.9,9,3,6,1,High,Fair,Yes
1062,21,10,4,3,8,1,Moderate,Good,Yes
1063,23,6.9,5,6,6,1,Moderate,Fair,Yes
1064,18,5.7,6,1,8,1,Moderate,Good,Yes
1065,2,6.3,6,6,7,1,Moderate,Good,Yes
1066,19,7.3,7,2,8,0,High,Good,No
1067,22,7.5,8,6,6,0,High,Fair,No
1068,8,3.8,8,8,4,0,High,Fair,No
1069,26,3.4,8,6,3,1,High,Poor,Yes
1070,17,6.4,3,5,7,0,Low,Good,No
1071,34,7.8,5,6,5,1,Moderate,Fair,Yes
1072,24,6.7,6,1,4,1,Moderate,Fair,Yes
1073,16,8,8,4,7,0,High,Good,No
1074,23,7.1,3,5,7,1,Low,Good,Yes
1075,24,7.1,5,1,3,1,Moderate,Poor,Yes
1076,29,9,8,10,2,1,High,Poor,Yes
1077,21,4.9,8,6,3,1,High,Poor,Yes
1078,6,5.3,7,8,9,1,High,Good,Yes
1079,12,7.1,10,5,7,0,High,Good,No
1080,15,6.9,2,6,5,1,Low,Fair,Yes
1081,25,3.2,7,10,7,1,High,Good,Yes
1082,20,7.3,6,5,6,1,Moderate,Fair,Yes
1083,17,4.6,4,6,3,0,Moderate,Poor,No
1084,15,4.7,5,7,8,1,Moderate,Good,Yes
1085,23,9.1,7,6,8,1,High,Good,Yes
1086,15,8.2,9,7,3,1,High,Poor,Yes
1087,19,5.4,7,5,9,1,High,Good,Yes
1088,14,9,8,4,6,1,High,Fair,Yes
1089,11,5.7,5,2,4,1,Moderate,Fair,Yes
1090,30,8,6,4,10,1,Moderate,Good,Yes
1091,11,8.6,6,4,5,0,Moderate,Fair,No
1092,23,8.5,7,4,2,1,High,Poor,Yes
1093,17,8.4,7,6,6,1,High,Fair,Yes
1094,14,6.1,6,6,7,1,Moderate,Good,Yes
1095,24,5.7,8,2,8,0,High,Good,No
1096,25,8.4,7,4,7,1,High,Good,Yes
1097,32,6.4,4,6,6,1,Moderate,Fair,Yes
1098,25,5.5,7,6,5,0,High,Fair,No
1099,21,5,3,5,7,0,Low,Good,No
1100,40,8.5,5,4,4,1,Moderate,Fair,Yes
1101,17,7.6,7,9,8,1,High,Good,Yes
1102,14,8.7,4,6,5,1,Moderate,Fair,Yes
1103,18,5.6,6,4,2,1,Moderate,Poor,Yes
1104,21,6.9,6,8,7,0,Moderate,Good,No
1105,27,4.9,6,4,5,0,Moderate,Fair,No
1106,25,6.6,5,9,6,1,Moderate,Fair,Yes
1107,21,5.2,8,5,9,0,High,Good,No
1108,15,7.1,8,3,5,1,High,Fair,Yes
1109,31,6.4,6,6,6,1,Moderate,Fair,Yes
1110,29,8.7,7,8,6,1,High,Fair,Yes
1111,16,7,5,3,9,1,Moderate,Good,Yes
1112,27,5.9,6,3,5,0,Moderate,Fair,No
1113,26,3.9,8,6,4,1,High,Fair,Yes
1114,30,5.8,7,1,4,1,High,Fair,Yes
1115,23,5.6,7,4,2,1,High,Poor,Yes
1116,13,8.2,9,4,2,0,High,Poor,No
1117,28,7.2,5,7,8,1,Moderate,Good,Yes
1118,16,5.6,8,1,6,1,High,Fair,Yes
1119,26,6.8,7,1,6,0,High,Fair,No
1120,35,6.7,5,5,6,1,Moderate,Fair,Yes
1121,11,7,6,3,8,1,Moderate,Good,Yes
1122,34,6.1,6,6,5,0,Moderate,Fair,No
1123,33,8.3,8,5,5,1,High,Fair,Yes
1124,18,8.5,7,4,8,1,High,Good,Yes
1125,20,4.7,3,9,8,1,Low,Good,Yes
1126,17,8,10,1,8,1,High,Good,Yes
1127,17,5.4,2,10,3,1,Low,Poor,Yes
1128,27,6.8,8,6,6,1,High,Fair,Yes
1129,15,8,5,3,5,1,Moderate,Fair,Yes
1130,20,7.2,9,2,5,1,High,Fair,Yes
1131,21,6.5,7,3,6,0,High,Fair,No
1132,21,6.6,9,7,9,1,High,Good,Yes
1133,23,9.9,6,8,2,1,Moderate,Poor,Yes
1134,35,8.7,2,3,4,1,Low,Fair,Yes
1135,18,6.5,6,8,6,1,Moderate,Fair,Yes
1136,16,6,7,6,5,0,High,Fair,No
1137,28,9.3,9,4,8,1,High,Good,Yes
1138,25,6.6,4,9,5,1,Moderate,Fair,Yes
1139,24,7.1,6,7,5,1,Moderate,Fair,Yes
1140,27,8.5,5,2,9,1,Moderate,Good,Yes
1141,11,5.6,9,7,8,1,High,Good,Yes
1142,31,5.8,3,9,4,1,Low,Fair,Yes
1143,26,5.9,9,5,2,1,High,Poor,Yes
1144,30,6.8,9,4,6,1,High,Fair,Yes
1145,17,2.9,6,7,10,1,Moderate,Good,Yes
1146,7,5.9,8,9,5,1,High,Fair,Yes
1147,18,7.6,7,4,3,0,High,Poor,No
1148,15,7,5,6,4,0,Moderate,Fair,No
1149,40,7,5,10,3,1,Moderate,Poor,Yes
1150,19,4.1,2,5,5,0,Low,Fair,No
1151,20,6.8,10,4,8,1,High,Good,Yes
1152,31,6.3,9,4,6,1,High,Fair,Yes
1153,27,6.5,9,2,8,0,High,Good,No
1154,27,7.8,6,2,8,0,Moderate,Good,No
1155,40,8.7,5,7,6,1,Moderate,Fair,Yes
1156,23,6.1,3,4,7,1,Low,Good,Yes
1157,37,5.6,5,2,4,1,Moderate,Fair,Yes
1158,24,6.1,5,6,7,1,Moderate,Good,Yes
1159,10,7.7,4,4,6,0,Moderate,Fair,No
1160,4,6.3,7,1,4,1,High,Fair,Yes
1161,27,5.9,5,4,5,1,Moderate,Fair,Yes
1162,14,6.4,7,3,6,0,High,Fair,No
1163,22,8.5,5,5,10,1,Moderate,Good,Yes
1164,36,5.1,10,7,8,1,High,Good,Yes
1165,25,6,10,8,4,0,High,Fair,No
1166,20,4.9,9,6,7,1,High,Good,Yes
1167,7,9.9,6,3,4,0,Moderate,Fair,No
1168,16,5.8,8,6,7,1,High,Good,Yes
1169,17,7.9,4,3,3,0,Moderate,Poor,No
1170,27,6.6,4,7,3,0,Moderate,Poor,No
1171,26,6.2,6,5,6,0,Moderate,Fair,No
1172,22,6,10,4,8,1,High,Good,Yes
1173,23,5.3,6,7,4,1,Moderate,Fair,Yes
1174,20,8.5,8,6,8,1,High,Good,Yes
1175,22,7.4,6,1,8,0,Moderate,Good,No
1176,24,6.5,6,1,7,1,Moderate,Good,Yes
1177,26,4.9,7,10,8,0,High,Good,No
1178,37,5.8,6,6,6,1,Moderate,Fair,Yes
1179,13,7.9,9,9,9,1,High,Good,Yes
1180,34,5,4,9,8,0,Moderate,Good,No
1181,27,5.6,7,5,6,1,High,Fair,Yes
1182,10,7.7,6,2,5,1,Moderate,Fair,Yes
1183,20,7.1,6,2,6,1,Moderate,Fair,Yes
1184,17,5.6,5,1,8,1,Moderate,Good,Yes
1185,15,9,8,9,7,1,High,Good,Yes
1186,10,4.7,3,5,4,1,Low,Fair,Yes
1187,18,8.6,8,7,4,1,High,Fair,Yes
1188,19,7.7,2,5,7,0,Low,Good,No
1189,19,3.4,10,8,4,1,High,Fair,Yes
1190,6,7,8,6,9,0,High,Good,No
1191,26,7.7,7,6,6,1,High,Fair,Yes
1192,28,5.3,2,5,6,1,Low,Fair,Yes
1193,28,6.5,6,5,1,0,Moderate,Poor,No
1194,28,4.1,5,8,8,1,Moderate,Good,Yes
1195,24,5.1,9,1,5,1,High,Fair,Yes
1196,34,6.7,3,3,7,0,Low,Good,No
1197,15,6.9,3,2,2,1,Low,Poor,Yes
1198,12,6.4,6,4,7,1,Moderate,Good,Yes
1199,25,5.3,6,3,7,1,Moderate,Good,Yes
1200,26,7.4,5,7,3,1,Moderate,Poor,Yes
